"COL0","COL1"
"5915",32612.00
"59150004",34432.00
"59150005",49664.00
"59150006",46080.00
"59150007",51648.00
"59150008",56704.00
"59150009",48256.00
"59150010",49664.00
"59150012",47232.00
"59150013",45568.00
"59150014",41899.00
"59150015",49920.00
"59150016",52608.00
"59150017",52416.00
"59150018",61952.00
"59150019",48320.00
"59150020",42624.00
"59150021",41984.00
"59150022",60416.00
"59150023",47232.00
"59150024",48128.00
"59150025",56960.00
"59150027",54912.00
"59150028",47915.00
"59150029",49536.00
"59150030",44672.00
"59150031",40576.00
"59150032",43904.00
"59150033",48192.00
"59150034",49024.00
"59150035",33504.00
"59150036",42816.00
"59150037",38592.00
"59150038",44459.00
"59150039",56640.00
"59150040",22741.00
"59150041",30784.00
"59150042",49920.00
"59150043",37845.00
"59150044",24288.00
"59150045",33536.00
"59150046",27755.00
"59150047",20006.00
"59150048",44928.00
"59150049",43093.00
"59150050",36224.00
"59150051",40064.00
"59150052",36736.00
"59150053",45952.00
"59150054",41600.00
"59150055",40256.00
"59150056",33536.00
"59150059",27648.00
"59150062",20779.00
"59150064",34816.00
"59150067",45760.00
"59150068",27616.00
"59150069",29696.00
"59150070",40192.00
"59150071",43392.00
"59150072",41045.00
"59150073",39936.00
"59150074",34176.00
"59150075",41216.00
"59150076",35712.00
"59150077",37504.00
"59150078",32960.00
"59150079",39253.00
"59150080",33152.00
"59150081",43008.00
"59150082",38059.00
"59150083",41152.00
"59150084",36309.00
"59150085",33335.00
"59150086",31072.00
"59150087",32896.00
"59150088",26944.00
"59150089",30048.00
"59150090",37248.00
"59150091",33562.00
"59150092",30144.00
"59150093",29792.00
"59150094",31680.00
"59150095",37248.00
"59150096",34816.00
"59150097",44736.00
"59150098",34987.00
"59150099",26560.00
"59150100",34432.00
"59150101",44032.00
"59150102",52096.00
"59150103",50560.00
"59150104",40320.00
"59150105",46208.00
"59150106",49365.00
"59150107",57856.00
"59150108",47232.00
"59150109",58752.00
"59150110",49536.00
"59150111",43392.00
"59150112",44992.00
"59150113",37312.00
"59150114",49728.00
"59150115",54720.00
"59150116",49472.00
"59150117",43221.00
"59150118",40576.00
"59150119",37248.00
"59150120",50144.00
"59150121",49472.00
"59150122",36352.00
"59150123",40896.00
"59150124",42976.00
"59150125",40000.00
"59150126",44416.00
"59150127",42624.00
"59150129",47744.00
"59150130",40192.00
"59150131",36032.00
"59150132",50304.00
"59150133",43456.00
"59150134",48128.00
"59150135",40149.00
"59150136",36608.00
"59150137",40064.00
"59150140",31168.00
"59150141",38464.00
"59150142",37600.00
"59150143",36480.00
"59150145",38528.00
"59150146",33216.00
"59150147",43392.00
"59150148",37504.00
"59150152",31040.00
"59150153",34496.00
"59150157",44885.00
"59150158",45952.00
"59150159",44203.00
"59150160",41728.00
"59150161",43221.00
"59150162",45568.00
"59150163",43136.00
"59150164",45184.00
"59150165",40832.00
"59150166",54016.00
"59150167",51392.00
"59150174",42752.00
"59150175",42411.00
"59150176",40192.00
"59150177",35392.00
"59150178",41472.00
"59150179",43648.00
"59150180",36160.00
"59150181",40704.00
"59150182",41088.00
"59150183",40736.00
"59150184",29744.00
"59150185",41600.00
"59150186",29376.00
"59150187",34944.00
"59150188",35584.00
"59150189",29909.00
"59150190",34944.00
"59150191",35413.00
"59150192",45909.00
"59150193",37525.00
"59150194",36608.00
"59150195",49024.00
"59150196",40704.00
"59150197",33408.00
"59150198",36949.00
"59150199",43520.00
"59150200",34359.00
"59150201",35840.00
"59150202",38426.00
"59150203",38784.00
"59150204",42912.00
"59150205",36032.00
"59150206",44672.00
"59150207",44160.00
"59150208",41088.00
"59150209",44384.00
"59150210",36864.00
"59150211",43584.00
"59150212",41771.00
"59150213",40192.00
"59150214",34176.00
"59150219",42560.00
"59150220",33728.00
"59150221",38784.00
"59150222",32160.00
"59150223",40832.00
"59150224",48928.00
"59150225",44864.00
"59150226",47680.00
"59150227",46720.00
"59150228",49152.00
"59150229",55424.00
"59150230",49536.00
"59150231",36480.00
"59150232",45978.00
"59150233",42880.00
"59150234",42752.00
"59150235",39360.00
"59150236",36736.00
"59150237",33621.00
"59150238",45739.00
"59150239",52544.00
"59150240",49079.00
"59150241",50560.00
"59150242",38880.00
"59150243",59136.00
"59150244",48448.00
"59150245",52096.00
"59150246",60117.00
"59150249",47488.00
"59150250",52224.00
"59150251",47872.00
"59150252",42645.00
"59150253",34517.00
"59150254",34880.00
"59150255",29248.00
"59150260",35712.00
"59150261",29888.00
"59150262",28736.00
"59150263",25856.00
"59150264",28928.00
"59150265",34432.00
"59150266",26944.00
"59150267",26432.00
"59150268",39680.00
"59150269",34176.00
"59150270",34880.00
"59150271",34688.00
"59150272",28928.00
"59150273",32192.00
"59150274",25771.00
"59150275",27328.00
"59150276",24864.00
"59150277",30165.00
"59150278",27253.00
"59150279",28576.00
"59150280",20992.00
"59150281",31680.00
"59150282",24640.00
"59150283",30528.00
"59150284",32064.00
"59150285",32192.00
"59150286",29888.00
"59150287",35008.00
"59150288",38016.00
"59150289",28352.00
"59150290",31232.00
"59150291",28019.00
"59150292",25952.00
"59150293",28512.00
"59150294",25088.00
"59150295",27712.00
"59150296",24235.00
"59150297",33024.00
"59150298",31424.00
"59150299",33749.00
"59150300",37376.00
"59150301",26368.00
"59150302",38528.00
"59150303",42368.00
"59150304",52032.00
"59150305",39808.00
"59150306",
"59150307",43328.00
"59150308",41024.00
"59150309",34688.00
"59150310",28672.00
"59150311",30571.00
"59150312",29600.00
"59150313",29312.00
"59150314",34389.00
"59150315",29056.00
"59150316",33024.00
"59150317",26816.00
"59150318",33984.00
"59150319",28032.00
"59150320",30251.00
"59150321",27008.00
"59150322",25888.00
"59150323",29504.00
"59150324",25280.00
"59150325",28608.00
"59150326",33152.00
"59150327",33728.00
"59150328",26016.00
"59150329",26288.00
"59150330",31072.00
"59150331",26720.00
"59150332",25984.00
"59150333",25504.00
"59150334",24768.00
"59150335",28992.00
"59150336",29056.00
"59150337",38336.00
"59150338",32384.00
"59150339",31360.00
"59150340",27136.00
"59150341",32032.00
"59150342",37248.00
"59150343",39296.00
"59150344",46848.00
"59150345",39723.00
"59150346",32960.00
"59150347",37696.00
"59150348",45333.00
"59150349",34560.00
"59150350",17209.00
"59150351",39808.00
"59150352",19221.00
"59150353",39595.00
"59150354",31424.00
"59150355",26432.00
"59150356",39552.00
"59150357",31040.00
"59150358",50560.00
"59150359",28992.00
"59150360",32000.00
"59150361",30848.00
"59150362",32819.00
"59150363",38528.00
"59150364",34944.00
"59150365",40960.00
"59150366",33920.00
"59150367",42163.00
"59150368",29472.00
"59150369",26176.00
"59150370",32525.00
"59150371",29824.00
"59150372",28768.00
"59150373",34368.00
"59150375",30016.00
"59150376",32064.00
"59150377",34432.00
"59150378",43360.00
"59150379",35712.00
"59150380",30336.00
"59150381",29120.00
"59150382",30528.00
"59150383",32576.00
"59150384",33216.00
"59150385",26368.00
"59150386",24608.00
"59150387",26688.00
"59150388",24512.00
"59150389",27488.00
"59150390",27776.00
"59150391",18272.00
"59150392",22592.00
"59150393",23744.00
"59150394",22048.00
"59150395",23680.00
"59150396",17835.00
"59150397",20032.00
"59150398",23573.00
"59150399",24800.00
"59150400",25045.00
"59150401",26848.00
"59150402",26976.00
"59150403",28224.00
"59150404",25920.00
"59150405",23648.00
"59150406",26496.00
"59150407",23893.00
"59150408",23776.00
"59150409",23296.00
"59150410",23232.00
"59150412",27840.00
"59150414",25600.00
"59150415",24640.00
"59150416",29440.00
"59150417",30144.00
"59150419",34330.00
"59150420",23744.00
"59150421",22891.00
"59150422",42539.00
"59150423",24235.00
"59150424",29280.00
"59150425",27328.00
"59150426",27072.00
"59150427",29824.00
"59150428",22208.00
"59150429",26592.00
"59150430",28448.00
"59150431",27488.00
"59150432",25856.00
"59150433",26720.00
"59150434",26304.00
"59150435",22336.00
"59150436",24128.00
"59150437",28096.00
"59150438",22096.00
"59150439",23680.00
"59150440",22752.00
"59150441",24224.00
"59150442",22496.00
"59150443",27840.00
"59150444",23104.00
"59150445",23168.00
"59150446",25792.00
"59150447",24875.00
"59150448",21696.00
"59150449",25024.00
"59150450",27072.00
"59150451",21248.00
"59150452",28864.00
"59150453",24768.00
"59150454",25568.00
"59150455",23424.00
"59150457",26048.00
"59150459",28736.00
"59150460",26304.00
"59150461",23936.00
"59150462",24224.00
"59150463",24768.00
"59150465",26560.00
"59150466",23296.00
"59150468",21632.00
"59150469",20832.00
"59150470",25280.00
"59150471",23616.00
"59150472",24768.00
"59150473",24128.00
"59150474",23392.00
"59150475",25024.00
"59150476",27392.00
"59150477",23872.00
"59150478",22635.00
"59150479",27776.00
"59150480",25200.00
"59150481",26432.00
"59150482",23488.00
"59150483",24256.00
"59150484",26283.00
"59150485",27232.00
"59150486",35840.00
"59150487",25216.00
"59150488",21952.00
"59150489",22336.00
"59150490",29632.00
"59150491",23904.00
"59150492",26016.00
"59150493",27840.00
"59150494",30080.00
"59150495",35541.00
"59150496",24224.00
"59150497",28416.00
"59150498",29632.00
"59150499",30656.00
"59150500",30272.00
"59150503",25216.00
"59150504",22528.00
"59150505",27584.00
"59150506",29120.00
"59150507",36352.00
"59150508",35200.00
"59150509",45248.00
"59150510",29632.00
"59150511",34581.00
"59150512",33451.00
"59150513",27840.00
"59150514",21184.00
"59150515",28288.00
"59150516",22656.00
"59150517",23424.00
"59150518",31808.00
"59150519",30016.00
"59150520",25792.00
"59150521",23296.00
"59150522",29856.00
"59150523",33664.00
"59150524",26112.00
"59150525",23072.00
"59150526",24384.00
"59150527",22251.00
"59150528",29888.00
"59150529",33493.00
"59150530",31885.00
"59150531",31424.00
"59150532",26400.00
"59150533",29760.00
"59150534",33195.00
"59150535",37056.00
"59150536",26400.00
"59150537",35520.00
"59150538",
"59150539",28288.00
"59150540",32896.00
"59150541",27379.00
"59150542",29952.00
"59150543",34432.00
"59150544",24512.00
"59150545",26816.00
"59150546",30165.00
"59150547",27456.00
"59150548",40512.00
"59150549",22496.00
"59150550",27456.00
"59150551",35328.00
"59150552",35328.00
"59150553",35200.00
"59150554",35392.00
"59150555",31360.00
"59150556",27040.00
"59150557",26912.00
"59150558",33408.00
"59150559",37760.00
"59150560",36864.00
"59150561",49024.00
"59150562",34304.00
"59150563",30528.00
"59150564",32192.00
"59150565",35200.00
"59150566",37888.00
"59150567",33216.00
"59150568",29056.00
"59150569",30912.00
"59150570",29632.00
"59150571",47744.00
"59150572",41088.00
"59150573",21696.00
"59150575",27648.00
"59150577",49216.00
"59150578",34389.00
"59150579",29952.00
"59150580",21696.00
"59150581",28096.00
"59150582",25792.00
"59150583",43136.00
"59150584",48864.00
"59150585",40960.00
"59150586",36864.00
"59150587",40704.00
"59150588",33408.00
"59150589",34560.00
"59150590",33510.00
"59150591",45120.00
"59150592",39040.00
"59150593",37205.00
"59150594",43648.00
"59150595",34645.00
"59150596",36864.00
"59150597",38016.00
"59150598",39552.00
"59150599",40235.00
"59150600",35328.00
"59150601",38357.00
"59150602",39296.00
"59150603",59904.00
"59150604",37939.00
"59150605",41344.00
"59150606",45355.00
"59150607",45781.00
"59150608",49408.00
"59150609",41088.00
"59150610",40277.00
"59150611",33216.00
"59150612",41856.00
"59150613",46208.00
"59150614",41792.00
"59150615",44800.00
"59150616",38464.00
"59150617",43040.00
"59150618",40032.00
"59150619",37120.00
"59150620",32064.00
"59150621",40576.00
"59150622",51168.00
"59150623",48128.00
"59150624",40548.00
"59150625",44416.00
"59150626",46624.00
"59150627",51755.00
"59150628",46656.00
"59150629",47232.00
"59150630",47872.00
"59150631",46165.00
"59150632",52352.00
"59150633",45888.00
"59150634",41472.00
"59150635",45568.00
"59150636",46677.00
"59150637",46549.00
"59150638",43622.00
"59150639",52352.00
"59150640",39552.00
"59150641",43051.00
"59150642",39872.00
"59150643",47445.00
"59150644",44224.00
"59150645",41856.00
"59150646",40149.00
"59150647",55680.00
"59150648",
"59150649",51520.00
"59150650",52224.00
"59150651",48640.00
"59150652",47808.00
"59150653",40320.00
"59150654",49024.00
"59150655",42496.00
"59150656",43648.00
"59150657",54400.00
"59150658",41984.00
"59150659",37760.00
"59150660",44928.00
"59150661",40704.00
"59150662",46208.00
"59150663",44160.00
"59150664",47616.00
"59150665",52224.00
"59150666",38272.00
"59150667",35072.00
"59150668",51797.00
"59150669",34816.00
"59150670",36821.00
"59150671",36992.00
"59150672",34688.00
"59150673",37803.00
"59150674",54144.00
"59150675",38912.00
"59150676",46528.00
"59150677",51200.00
"59150678",42624.00
"59150679",35712.00
"59150680",56704.00
"59150681",47424.00
"59150682",38368.00
"59150683",45280.00
"59150684",44800.00
"59150685",33600.00
"59150686",44501.00
"59150687",36224.00
"59150688",38016.00
"59150689",35968.00
"59150690",43584.00
"59150691",37696.00
"59150692",52736.00
"59150693",36224.00
"59150694",39168.00
"59150695",47424.00
"59150696",31872.00
"59150697",29472.00
"59150698",37504.00
"59150699",30933.00
"59150700",34048.00
"59150701",34645.00
"59150702",54144.00
"59150703",28480.00
"59150704",36576.00
"59150705",42240.00
"59150706",36096.00
"59150707",35712.00
"59150708",42203.00
"59150709",49259.00
"59150710",39680.00
"59150711",46208.00
"59150712",36224.00
"59150713",42112.00
"59150714",
"59150715",28736.00
"59150716",24832.00
"59150717",32192.00
"59150718",31531.00
"59150719",26400.00
"59150720",29024.00
"59150721",37205.00
"59150722",30336.00
"59150723",28448.00
"59150724",32576.00
"59150725",30336.00
"59150726",32192.00
"59150727",31648.00
"59150728",43584.00
"59150729",30656.00
"59150730",31936.00
"59150731",35744.00
"59150732",31296.00
"59150733",36736.00
"59150734",34944.00
"59150735",28192.00
"59150736",28992.00
"59150737",40405.00
"59150738",35456.00
"59150739",30592.00
"59150740",32448.00
"59150741",28080.00
"59150742",26261.00
"59150743",29376.00
"59150744",38016.00
"59150745",34249.00
"59150746",35413.00
"59150747",28000.00
"59150748",28864.00
"59150749",41248.00
"59150750",38528.00
"59150751",21024.00
"59150752",29376.00
"59150753",27712.00
"59150754",26624.00
"59150755",15216.00
"59150756",
"59150757",22528.00
"59150758",17517.00
"59150759",
"59150760",11872.00
"59150761",
"59150762",17273.00
"59150763",
"59150777",43424.00
"59150779",50560.00
"59150780",47264.00
"59150782",42624.00
"59150784",24640.00
"59150785",39040.00
"59150786",53248.00
"59150787",42496.00
"59150788",42944.00
"59150790",54357.00
"59150791",35200.00
"59150792",34592.00
"59150793",30944.00
"59150795",30208.00
"59150816",38912.00
"59150817",42880.00
"59150819",33856.00
"59150820",39296.00
"59150821",39723.00
"59150822",37120.00
"59150823",33696.00
"59150824",38272.00
"59150827",43712.00
"59150828",45269.00
"59150831",41600.00
"59150832",33600.00
"59150837",35755.00
"59150840",34517.00
"59150841",20864.00
"59150845",35477.00
"59150846",40064.00
"59150850",38528.00
"59150859",45056.00
"59150861",43349.00
"59150863",41600.00
"59150864",38784.00
"59150865",40755.00
"59150866",32576.00
"59150871",37888.00
"59150872",57088.00
"59150873",49344.00
"59150874",46688.00
"59150875",46976.00
"59150876",43840.00
"59150877",45696.00
"59150878",49280.00
"59150879",45312.00
"59150880",49664.00
"59150881",58144.00
"59150882",44245.00
"59150883",79872.00
"59150884",56704.00
"59150885",17202.00
"59150886",56704.00
"59150887",39168.00
"59150888",36480.00
"59150889",43136.00
"59150890",45909.00
"59150891",38528.00
"59150892",43162.00
"59150893",34176.00
"59150894",30496.00
"59150895",34432.00
"59150896",37504.00
"59150897",37280.00
"59150898",34112.00
"59150899",40832.00
"59150900",36096.00
"59150901",46208.00
"59150902",45440.00
"59150903",39168.00
"59150904",40448.00
"59150905",38720.00
"59150906",36557.00
"59150907",36864.00
"59150908",35328.00
"59150909",55680.00
"59150910",41344.00
"59150911",44416.00
"59150912",45227.00
"59150913",49600.00
"59150914",47552.00
"59150915",43051.00
"59150916",42880.00
"59150917",38656.00
"59150918",50816.00
"59150919",52608.00
"59150920",41216.00
"59150922",41024.00
"59150923",36651.00
"59150924",28800.00
"59150925",30656.00
"59150926",42317.00
"59150927",35008.00
"59150928",35712.00
"59150929",39424.00
"59150930",55616.00
"59150931",53803.00
"59150932",68736.00
"59150933",68352.00
"59150934",66304.00
"59150935",45056.00
"59150936",41600.00
"59150937",15904.00
"59150938",15488.00
"59150939",11525.00
"59150940",
"59150941",
"59150942",23392.00
"59150945",48256.00
"59150946",
"59150947",18304.00
"59150948",33664.00
"59150952",20992.00
"59150953",57216.00
"59150954",56960.00
"59150955",48128.00
"59150956",36928.00
"59150957",31296.00
"59150958",42304.00
"59150959",34688.00
"59150960",40576.00
"59150961",44288.00
"59150962",47872.00
"59150963",47232.00
"59150964",24608.00
"59150965",28864.00
"59150966",25024.00
"59150967",29376.00
"59150968",27221.00
"59150969",43443.00
"59150970",40832.00
"59150971",48128.00
"59150972",28448.00
"59150973",44160.00
"59150974",43136.00
"59150975",33728.00
"59150976",38912.00
"59150977",42923.00
"59150978",43648.00
"59150979",37312.00
"59150980",35232.00
"59150981",42560.00
"59150982",45056.00
"59150983",44843.00
"59150984",42336.00
"59150985",34752.00
"59150986",27200.00
"59150987",34261.00
"59150992",19691.00
"59150993",21536.00
"59150994",20480.00
"59150995",23437.00
"59150996",22240.00
"59150997",20288.00
"59150998",24139.00
"59151002",21717.00
"59151008",19552.00
"59151013",20245.00
"59151014",22720.00
"59151015",21280.00
"59151016",22336.00
"59151017",19264.00
"59151018",20224.00
"59151019",22187.00
"59151020",27872.00
"59151022",25728.00
"59151023",17173.00
"59151024",29248.00
"59151025",24576.00
"59151026",28288.00
"59151027",25344.00
"59151028",28992.00
"59151029",30720.00
"59151030",27392.00
"59151031",25856.00
"59151032",28416.00
"59151033",28320.00
"59151034",32640.00
"59151035",
"59151036",35968.00
"59151037",35968.00
"59151038",21888.00
"59151039",26624.00
"59151040",27200.00
"59151041",33493.00
"59151042",28693.00
"59151043",20629.00
"59151044",21312.00
"59151045",22827.00
"59151046",18128.00
"59151048",19541.00
"59151049",24448.00
"59151050",23744.00
"59151051",24768.00
"59151053",23125.00
"59151057",33621.00
"59151058",19187.00
"59151059",20544.00
"59151061",24896.00
"59151062",25728.00
"59151063",22496.00
"59151064",24960.00
"59151065",22848.00
"59151066",27904.00
"59151067",30496.00
"59151068",25312.00
"59151072",31168.00
"59151073",33280.00
"59151074",30912.00
"59151075",40832.00
"59151076",28544.00
"59151077",26176.00
"59151078",28992.00
"59151079",23040.00
"59151080",30944.00
"59151081",30848.00
"59151082",22272.00
"59151083",22080.00
"59151084",27456.00
"59151085",30400.00
"59151086",28608.00
"59151087",30784.00
"59151088",27968.00
"59151089",30816.00
"59151090",33344.00
"59151091",35328.00
"59151092",32832.00
"59151093",39040.00
"59151094",49408.00
"59151095",38432.00
"59151097",44096.00
"59151098",38144.00
"59151099",38144.00
"59151100",24800.00
"59151101",30272.00
"59151102",32800.00
"59151103",33237.00
"59151104",33152.00
"59151105",36352.00
"59151106",40448.00
"59151107",33109.00
"59151108",38656.00
"59151112",32288.00
"59151113",39211.00
"59151116",41856.00
"59151117",44160.00
"59151118",48085.00
"59151121",41728.00
"59151122",32533.00
"59151123",25472.00
"59151124",32704.00
"59151125",19072.00
"59151126",16928.00
"59151127",19947.00
"59151128",19648.00
"59151129",22635.00
"59151130",22976.00
"59151131",20416.00
"59151132",22336.00
"59151133",18272.00
"59151134",21227.00
"59151135",22976.00
"59151136",18603.00
"59151137",21824.00
"59151138",19520.00
"59151139",18432.00
"59151141",21611.00
"59151142",21824.00
"59151143",20117.00
"59151145",27072.00
"59151146",25760.00
"59151147",22059.00
"59151148",28752.00
"59151149",24432.00
"59151150",26347.00
"59151151",21504.00
"59151152",24256.00
"59151153",26368.00
"59151154",28352.00
"59151155",35136.00
"59151156",24939.00
"59151157",23979.00
"59151158",22720.00
"59151159",27328.00
"59151160",24896.00
"59151161",30592.00
"59151162",30048.00
"59151163",28768.00
"59151164",32288.00
"59151165",33344.00
"59151166",34432.00
"59151167",30144.00
"59151168",25920.00
"59151169",30560.00
"59151170",24832.00
"59151171",25728.00
"59151172",28480.00
"59151173",36122.00
"59151174",25190.00
"59151175",28640.00
"59151176",
"59151177",26368.00
"59151178",25792.00
"59151179",24832.00
"59151180",33152.00
"59151182",27840.00
"59151195",25536.00
"59151196",25376.00
"59151197",31904.00
"59151198",23104.00
"59151199",26688.00
"59151200",27520.00
"59151201",25920.00
"59151202",23531.00
"59151203",27072.00
"59151204",22208.00
"59151205",24768.00
"59151206",23360.00
"59151207",22426.00
"59151208",23488.00
"59151209",26432.00
"59151211",33707.00
"59151213",33024.00
"59151214",26112.00
"59151215",31595.00
"59151216",48256.00
"59151217",43008.00
"59151219",31936.00
"59151220",31040.00
"59151221",21200.00
"59151222",23680.00
"59151223",27776.00
"59151224",28736.00
"59151225",22976.00
"59151226",22944.00
"59151227",25408.00
"59151228",29205.00
"59151229",28954.00
"59151230",30528.00
"59151231",44416.00
"59151232",39424.00
"59151234",30272.00
"59151236",29781.00
"59151237",39296.00
"59151238",36224.00
"59151239",31552.00
"59151240",34752.00
"59151241",29333.00
"59151242",36245.00
"59151243",33835.00
"59151244",28864.00
"59151252",32277.00
"59151253",33459.00
"59151254",30304.00
"59151255",30176.00
"59151256",22933.00
"59151257",28352.00
"59151258",33088.00
"59151259",18944.00
"59151260",27883.00
"59151261",22208.00
"59151262",24896.00
"59151263",23488.00
"59151264",28672.00
"59151265",30656.00
"59151266",29909.00
"59151267",29696.00
"59151268",28715.00
"59151269",27968.00
"59151270",25536.00
"59151271",25952.00
"59151272",17504.00
"59151273",25280.00
"59151274",24704.00
"59151275",34304.00
"59151276",30624.00
"59151277",29760.00
"59151278",25344.00
"59151279",26144.00
"59151280",27200.00
"59151281",23808.00
"59151282",26400.00
"59151283",26880.00
"59151284",33408.00
"59151286",23168.00
"59151288",23488.00
"59151289",20432.00
"59151290",27360.00
"59151291",24032.00
"59151292",19712.00
"59151293",25408.00
"59151294",34304.00
"59151297",
"59151298",25131.00
"59151299",24960.00
"59151300",19840.00
"59151302",15952.00
"59151304",23381.00
"59151305",22624.00
"59151307",20224.00
"59151308",24384.00
"59151309",25280.00
"59151310",31456.00
"59151311",31061.00
"59151312",31424.00
"59151313",28006.00
"59151314",24256.00
"59151315",28928.00
"59151316",24640.00
"59151317",30528.00
"59151318",25323.00
"59151319",21936.00
"59151320",25504.00
"59151321",18645.00
"59151322",19648.00
"59151323",23168.00
"59151324",26816.00
"59151325",21696.00
"59151326",25344.00
"59151327",24256.00
"59151328",23616.00
"59151329",18347.00
"59151332",19472.00
"59151336",23328.00
"59151338",23840.00
"59151339",21696.00
"59151340",22707.00
"59151341",20160.00
"59151342",18624.00
"59151343",17872.00
"59151345",29696.00
"59151346",22037.00
"59151347",26458.00
"59151348",30592.00
"59151349",32896.00
"59151350",28000.00
"59151351",29952.00
"59151352",26795.00
"59151353",24128.00
"59151354",21856.00
"59151355",28838.00
"59151356",23936.00
"59151357",25920.00
"59151358",23104.00
"59151359",26688.00
"59151360",22592.00
"59151361",22677.00
"59151362",26016.00
"59151363",25824.00
"59151364",22656.00
"59151365",23840.00
"59151366",25536.00
"59151367",28288.00
"59151368",24960.00
"59151369",27093.00
"59151370",25664.00
"59151371",28864.00
"59151372",28736.00
"59151373",28224.00
"59151374",34688.00
"59151375",37632.00
"59151376",36544.00
"59151377",23296.00
"59151378",40320.00
"59151379",22912.00
"59151380",30944.00
"59151381",32064.00
"59151382",26432.00
"59151383",28320.00
"59151384",27392.00
"59151385",27157.00
"59151386",27584.00
"59151387",25152.00
"59151388",31424.00
"59151389",21440.00
"59151390",36147.00
"59151391",49067.00
"59151392",51541.00
"59151393",32576.00
"59151394",30656.00
"59151395",33472.00
"59151396",26688.00
"59151397",27712.00
"59151399",37973.00
"59151400",26432.00
"59151401",34859.00
"59151404",32768.00
"59151405",38741.00
"59151406",38963.00
"59151407",23296.00
"59151408",17254.00
"59151409",20592.00
"59151410",22880.00
"59151411",25840.00
"59151412",26304.00
"59151413",24832.00
"59151414",22624.00
"59151415",24416.00
"59151416",24512.00
"59151417",23040.00
"59151418",21920.00
"59151419",26688.00
"59151420",28557.00
"59151423",23008.00
"59151424",26368.00
"59151425",21408.00
"59151426",30784.00
"59151427",31792.00
"59151428",35648.00
"59151429",41344.00
"59151430",35648.00
"59151432",25216.00
"59151433",34752.00
"59151434",33600.00
"59151435",36384.00
"59151436",35072.00
"59151437",37803.00
"59151438",26528.00
"59151439",30080.00
"59151440",31936.00
"59151441",24576.00
"59151442",23840.00
"59151443",24768.00
"59151444",25984.00
"59151445",26464.00
"59151446",29280.00
"59151448",22784.00
"59151449",25429.00
"59151450",24160.00
"59151451",23424.00
"59151452",31872.00
"59151453",26432.00
"59151454",22944.00
"59151455",22944.00
"59151456",23808.00
"59151457",22443.00
"59151458",24128.00
"59151459",24789.00
"59151460",23488.00
"59151461",23680.00
"59151463",23680.00
"59151464",24875.00
"59151465",24896.00
"59151467",27328.00
"59151469",21120.00
"59151470",23808.00
"59151471",21312.00
"59151472",20480.00
"59151473",25856.00
"59151474",23829.00
"59151475",26176.00
"59151476",27520.00
"59151477",29056.00
"59151478",24960.00
"59151479",21344.00
"59151480",23872.00
"59151481",22400.00
"59151482",24768.00
"59151483",25792.00
"59151484",21248.00
"59151485",25280.00
"59151486",18944.00
"59151487",30720.00
"59151488",28672.00
"59151489",31424.00
"59151490",28480.00
"59151491",31040.00
"59151492",29376.00
"59151493",29536.00
"59151494",41045.00
"59151495",34176.00
"59151496",37120.00
"59151497",37696.00
"59151498",34368.00
"59151499",35456.00
"59151507",40288.00
"59151508",45739.00
"59151509",33760.00
"59151520",23744.00
"59151521",26688.00
"59151522",40704.00
"59151523",29440.00
"59151524",25024.00
"59151525",24512.00
"59151526",32896.00
"59151527",29440.00
"59151528",30571.00
"59151529",35456.00
"59151530",29088.00
"59151531",30464.00
"59151532",29696.00
"59151533",29269.00
"59151534",32480.00
"59151535",29952.00
"59151536",36181.00
"59151537",35584.00
"59151538",37120.00
"59151539",34880.00
"59151540",32128.00
"59151541",34176.00
"59151542",32021.00
"59151543",23648.00
"59151544",24944.00
"59151545",29504.00
"59151547",29984.00
"59151553",30144.00
"59151554",30208.00
"59151555",36480.00
"59151556",34112.00
"59151557",30400.00
"59151558",31552.00
"59151559",29419.00
"59151560",28224.00
"59151561",42752.00
"59151562",28352.00
"59151563",18112.00
"59151564",23616.00
"59151565",22784.00
"59151566",26560.00
"59151567",34304.00
"59151568",35627.00
"59151569",33408.00
"59151570",34731.00
"59151571",30464.00
"59151572",
"59151573",29568.00
"59151574",39232.00
"59151575",35520.00
"59151576",40192.00
"59151577",37094.00
"59151578",33664.00
"59151579",35797.00
"59151580",46208.00
"59151581",38912.00
"59151582",35456.00
"59151583",35328.00
"59151584",36096.00
"59151585",33237.00
"59151586",37973.00
"59151587",35712.00
"59151588",33152.00
"59151589",38592.00
"59151590",35456.00
"59151591",41344.00
"59151592",38144.00
"59151593",41344.00
"59151594",37077.00
"59151595",41856.00
"59151597",38464.00
"59151598",51200.00
"59151599",48896.00
"59151600",47445.00
"59151601",27168.00
"59151602",48811.00
"59151603",25888.00
"59151605",44928.00
"59151606",41280.00
"59151607",39040.00
"59151608",43648.00
"59151609",36576.00
"59151610",27712.00
"59151611",38144.00
"59151612",34944.00
"59151613",41984.00
"59151614",39936.00
"59151616",47104.00
"59151617",39808.00
"59151618",43648.00
"59151619",38400.00
"59151620",44032.00
"59151621",48000.00
"59151622",48896.00
"59151624",
"59151625",46720.00
"59151626",44416.00
"59151634",39360.00
"59151635",40576.00
"59151636",33920.00
"59151637",32512.00
"59151638",27456.00
"59151639",30272.00
"59151640",28480.00
"59151641",26240.00
"59151642",22656.00
"59151643",27328.00
"59151644",21440.00
"59151645",32416.00
"59151646",26752.00
"59151647",33600.00
"59151648",31680.00
"59151649",24512.00
"59151650",33024.00
"59151651",21712.00
"59151652",27226.00
"59151653",27051.00
"59151654",27072.00
"59151655",32896.00
"59151658",34773.00
"59151659",35072.00
"59151660",31168.00
"59151661",32224.00
"59151662",31168.00
"59151663",31264.00
"59151664",41920.00
"59151665",40576.00
"59151666",37760.00
"59151667",40576.00
"59151668",39808.00
"59151669",40832.00
"59151670",40960.00
"59151671",31136.00
"59151673",35648.00
"59151674",34987.00
"59151675",37504.00
"59151676",37376.00
"59151677",36672.00
"59151678",30720.00
"59151679",31936.00
"59151680",32000.00
"59151681",29664.00
"59151682",34784.00
"59151683",34560.00
"59151684",36832.00
"59151685",32384.00
"59151686",34645.00
"59151687",37312.00
"59151688",37760.00
"59151689",33152.00
"59151690",30699.00
"59151691",32576.00
"59151692",34752.00
"59151694",29056.00
"59151695",39616.00
"59151696",41702.00
"59151697",40832.00
"59151698",45440.00
"59151699",37376.00
"59151700",39637.00
"59151701",37760.00
"59151702",42656.00
"59151704",36838.00
"59151705",45760.00
"59151706",46720.00
"59151707",35328.00
"59151708",40988.00
"59151709",39552.00
"59151713",23808.00
"59151714",26832.00
"59151715",25600.00
"59151716",25536.00
"59151717",32896.00
"59151718",26688.00
"59151719",31264.00
"59151720",27776.00
"59151721",27093.00
"59151723",28736.00
"59151724",26304.00
"59151726",41984.00
"59151727",40277.00
"59151728",38784.00
"59151733",44928.00
"59151734",49024.00
"59151735",44992.00
"59151736",48896.00
"59151737",36288.00
"59151738",50432.00
"59151739",41760.00
"59151741",32704.00
"59151742",30688.00
"59151743",34176.00
"59151744",39808.00
"59151745",30784.00
"59151746",32384.00
"59151747",45696.00
"59151748",33280.00
"59151749",34560.00
"59151750",34368.00
"59151751",34688.00
"59151752",29248.00
"59151753",32192.00
"59151756",44864.00
"59151757",35328.00
"59151758",39296.00
"59151759",45952.00
"59151760",46464.00
"59151761",48256.00
"59151762",49280.00
"59151763",47360.00
"59151764",42240.00
"59151765",46933.00
"59151766",41856.00
"59151767",44672.00
"59151768",35558.00
"59151769",42016.00
"59151770",42112.00
"59151771",49024.00
"59151772",44715.00
"59151774",36736.00
"59151775",35098.00
"59151776",35776.00
"59151777",44352.00
"59151778",37376.00
"59151779",40032.00
"59151780",41472.00
"59151781",38656.00
"59151782",38784.00
"59151783",43733.00
"59151784",35968.00
"59151785",36128.00
"59151786",34432.00
"59151787",36352.00
"59151788",39552.00
"59151789",37248.00
"59151790",39552.00
"59151791",29517.00
"59151792",38016.00
"59151793",37952.00
"59151794",36736.00
"59151795",41600.00
"59151796",41856.00
"59151797",33920.00
"59151798",38272.00
"59151799",40576.00
"59151800",32320.00
"59151801",32320.00
"59151802",36160.00
"59151803",42880.00
"59151804",40320.00
"59151805",42880.00
"59151806",
"59151807",35968.00
"59151808",39296.00
"59151809",40469.00
"59151810",48512.00
"59151811",43264.00
"59151816",30464.00
"59151817",42880.00
"59151818",40960.00
"59151819",31456.00
"59151820",36224.00
"59151821",34645.00
"59151822",33408.00
"59151824",40448.00
"59151825",
"59151827",39834.00
"59151828",36096.00
"59151829",42880.00
"59151830",38144.00
"59151831",50286.00
"59151832",
"59151833",14816.00
"59151838",30592.00
"59151839",26688.00
"59151840",33434.00
"59151841",28800.00
"59151842",26261.00
"59151843",28480.00
"59151844",32512.00
"59151845",26645.00
"59151846",28160.00
"59151847",28608.00
"59151848",30912.00
"59151849",27776.00
"59151850",28064.00
"59151851",31467.00
"59151852",30848.00
"59151853",30080.00
"59151854",34773.00
"59151855",25045.00
"59151857",29696.00
"59151858",24875.00
"59151860",21888.00
"59151861",29376.00
"59151862",24128.00
"59151865",19149.00
"59151866",23712.00
"59151871",19243.00
"59151872",29888.00
"59151873",35712.00
"59151874",34261.00
"59151880",30635.00
"59151881",30976.00
"59151882",26496.00
"59151883",30560.00
"59151884",25920.00
"59151885",25872.00
"59151886",29163.00
"59151887",27216.00
"59151888",25792.00
"59151889",30944.00
"59151890",30272.00
"59151891",33237.00
"59151892",27840.00
"59151893",23488.00
"59151897",29408.00
"59151898",29088.00
"59151899",32469.00
"59151900",34304.00
"59151901",36160.00
"59151902",29760.00
"59151903",26800.00
"59151904",26464.00
"59151905",28576.00
"59151906",27200.00
"59151907",30320.00
"59151908",28496.00
"59151909",33024.00
"59151910",32512.00
"59151911",32768.00
"59151912",29525.00
"59151913",30784.00
"59151914",27200.00
"59151915",25824.00
"59151916",27456.00
"59151917",20416.00
"59151918",26816.00
"59151919",26720.00
"59151920",33312.00
"59151921",25856.00
"59151922",22336.00
"59151923",24864.00
"59151924",28416.00
"59151925",25120.00
"59151926",25067.00
"59151927",27136.00
"59151929",26048.00
"59151931",28800.00
"59151932",30144.00
"59151933",31078.00
"59151934",27360.00
"59151935",22688.00
"59151936",26976.00
"59151937",22528.00
"59151938",24000.00
"59151939",27968.00
"59151940",27456.00
"59151941",24192.00
"59151942",23659.00
"59151943",26944.00
"59151944",28992.00
"59151945",21653.00
"59151948",21728.00
"59151949",29504.00
"59151950",25536.00
"59151951",34496.00
"59151952",
"59151955",21984.00
"59151956",23693.00
"59151957",21696.00
"59151958",22464.00
"59151959",22464.00
"59151960",21152.00
"59151961",24149.00
"59151962",22091.00
"59151963",20288.00
"59151964",19968.00
"59151965",25600.00
"59151968",20736.00
"59151969",24192.00
"59151970",21589.00
"59151971",19392.00
"59151972",21888.00
"59151973",21184.00
"59151974",26432.00
"59151975",30416.00
"59151978",27840.00
"59151979",23659.00
"59151980",30944.00
"59151986",27648.00
"59151987",31168.00
"59151988",24768.00
"59151989",31488.00
"59151990",26208.00
"59151991",28640.00
"59151992",23008.00
"59151993",22528.00
"59151994",26208.00
"59151995",21739.00
"59151997",21696.00
"59151998",29760.00
"59151999",25856.00
"59152000",26069.00
"59152001",26976.00
"59152003",33408.00
"59152004",29792.00
"59152005",24768.00
"59152006",34304.00
"59152007",26496.00
"59152008",33109.00
"59152009",27520.00
"59152010",28352.00
"59152011",25344.00
"59152012",25568.00
"59152013",29632.00
"59152014",25011.00
"59152015",30123.00
"59152016",27712.00
"59152017",28864.00
"59152018",28400.00
"59152019",27200.00
"59152021",27840.00
"59152022",30699.00
"59152024",36928.00
"59152025",32661.00
"59152026",31851.00
"59152027",36992.00
"59152028",29877.00
"59152029",28437.00
"59152030",29291.00
"59152032",31552.00
"59152033",24640.00
"59152034",27840.00
"59152035",22784.00
"59152036",25813.00
"59152037",29120.00
"59152040",32064.00
"59152041",23072.00
"59152042",26496.00
"59152043",31424.00
"59152044",24576.00
"59152046",25376.00
"59152047",23072.00
"59152048",21397.00
"59152049",26304.00
"59152050",25152.00
"59152051",22912.00
"59152052",24875.00
"59152053",30112.00
"59152054",30640.00
"59152055",23616.00
"59152056",26368.00
"59152057",26304.00
"59152058",21920.00
"59152059",23776.00
"59152060",26176.00
"59152061",25344.00
"59152062",27072.00
"59152063",27968.00
"59152064",27755.00
"59152065",27488.00
"59152066",28480.00
"59152067",21856.00
"59152068",28651.00
"59152069",23296.00
"59152070",27744.00
"59152071",26517.00
"59152072",21184.00
"59152073",22176.00
"59152074",22827.00
"59152075",19136.00
"59152076",20352.00
"59152077",19424.00
"59152078",20122.00
"59152079",18965.00
"59152080",21248.00
"59152081",22656.00
"59152082",29488.00
"59152083",25152.00
"59152084",38613.00
"59152086",30880.00
"59152087",29568.00
"59152088",25408.00
"59152089",25088.00
"59152090",24512.00
"59152091",28826.00
"59152092",24000.00
"59152093",
"59152094",19520.00
"59152095",20800.00
"59152096",22400.00
"59152097",16864.00
"59152100",18976.00
"59152101",22315.00
"59152102",23723.00
"59152104",19243.00
"59152105",30208.00
"59152106",34816.00
"59152107",26453.00
"59152108",27328.00
"59152109",26662.00
"59152110",24512.00
"59152111",23872.00
"59152112",29952.00
"59152113",25451.00
"59152114",26752.00
"59152115",24384.00
"59152116",25664.00
"59152117",23232.00
"59152118",27456.00
"59152119",21264.00
"59152120",31795.00
"59152121",20512.00
"59152122",24320.00
"59152123",31840.00
"59152124",33408.00
"59152125",27029.00
"59152126",41600.00
"59152127",43392.00
"59152128",36736.00
"59152129",45696.00
"59152130",45184.00
"59152131",35584.00
"59152132",36736.00
"59152133",32064.00
"59152134",26432.00
"59152135",30592.00
"59152136",36693.00
"59152137",43232.00
"59152138",40448.00
"59152139",36352.00
"59152140",40107.00
"59152143",28352.00
"59152144",29184.00
"59152145",32992.00
"59152146",29888.00
"59152147",35371.00
"59152148",33664.00
"59152149",38976.00
"59152150",44992.00
"59152151",31360.00
"59152152",31040.00
"59152153",31915.00
"59152154",26368.00
"59152155",27232.00
"59152156",30528.00
"59152157",27008.00
"59152158",32896.00
"59152159",26144.00
"59152160",24000.00
"59152163",25152.00
"59152164",28480.00
"59152165",28480.00
"59152166",37696.00
"59152167",31552.00
"59152169",28384.00
"59152170",32981.00
"59152171",19200.00
"59152172",23744.00
"59152173",22336.00
"59152174",23424.00
"59152175",24811.00
"59152176",27200.00
"59152177",23552.00
"59152178",24128.00
"59152179",23280.00
"59152180",22080.00
"59152181",25536.00
"59152182",24320.00
"59152183",24896.00
"59152184",30549.00
"59152185",33643.00
"59152186",35200.00
"59152187",21504.00
"59152188",22592.00
"59152189",26528.00
"59152190",26976.00
"59152191",26432.00
"59152192",30165.00
"59152193",27296.00
"59152194",29248.00
"59152195",24768.00
"59152196",26496.00
"59152197",25920.00
"59152198",25152.00
"59152199",23520.00
"59152200",24512.00
"59152201",27371.00
"59152202",17549.00
"59152203",23181.00
"59152204",28480.00
"59152205",25376.00
"59152206",36523.00
"59152207",22613.00
"59152208",22763.00
"59152209",25792.00
"59152210",23232.00
"59152211",27952.00
"59152212",23360.00
"59152213",29888.00
"59152214",20704.00
"59152217",22880.00
"59152218",25568.00
"59152219",22080.00
"59152220",21803.00
"59152221",18112.00
"59152222",21952.00
"59152223",22357.00
"59152224",24128.00
"59152225",20032.00
"59152226",26432.00
"59152227",28608.00
"59152228",24640.00
"59152229",23040.00
"59152230",24384.00
"59152231",27216.00
"59152232",22293.00
"59152233",22816.00
"59152234",23467.00
"59152235",23936.00
"59152236",21504.00
"59152237",21227.00
"59152238",25280.00
"59152239",21376.00
"59152240",18906.00
"59152241",20117.00
"59152242",27872.00
"59152243",25344.00
"59152244",21920.00
"59152245",18528.00
"59152246",22784.00
"59152247",28000.00
"59152248",25312.00
"59152249",21824.00
"59152250",27456.00
"59152251",32416.00
"59152253",28352.00
"59152254",26688.00
"59152255",30976.00
"59152256",46976.00
"59152257",42112.00
"59152258",40789.00
"59152259",38443.00
"59152260",42944.00
"59152264",38144.00
"59152265",35200.00
"59152266",45248.00
"59152267",42304.00
"59152268",42752.00
"59152269",43328.00
"59152270",42560.00
"59152271",35200.00
"59152272",
"59152273",39936.00
"59152274",38656.00
"59152275",29109.00
"59152276",32064.00
"59152277",23381.00
"59152278",19840.00
"59152279",29376.00
"59152280",39296.00
"59152281",46528.00
"59152282",47552.00
"59152283",44160.00
"59152284",35891.00
"59152285",40448.00
"59152286",30176.00
"59152288",37504.00
"59152289",39595.00
"59152290",42304.00
"59152291",28928.00
"59152292",46976.00
"59152294",35072.00
"59152295",30323.00
"59152296",32877.00
"59152297",36437.00
"59152299",40448.00
"59152300",42027.00
"59152302",40000.00
"59152303",35520.00
"59152304",44832.00
"59152305",34688.00
"59152306",35456.00
"59152307",37504.00
"59152308",33792.00
"59152309",39808.00
"59152312",42189.00
"59152313",38016.00
"59152314",37274.00
"59152315",38208.00
"59152316",34432.00
"59152317",34987.00
"59152318",28288.00
"59152319",37205.00
"59152320",29536.00
"59152321",31040.00
"59152322",28096.00
"59152323",41165.00
"59152324",39040.00
"59152325",41216.00
"59152326",40397.00
"59152327",37760.00
"59152328",41515.00
"59152329",41856.00
"59152330",36864.00
"59152331",38357.00
"59152332",34603.00
"59152333",42752.00
"59152334",37504.00
"59152335",39211.00
"59152336",38485.00
"59152337",40960.00
"59152338",41088.00
"59152339",36736.00
"59152340",30336.00
"59152341",32512.00
"59152342",39488.00
"59152343",39910.00
"59152344",39232.00
"59152345",34496.00
"59152346",33856.00
"59152347",31488.00
"59152348",25344.00
"59152350",27755.00
"59152351",35456.00
"59152352",39808.00
"59152353",36395.00
"59152354",38272.00
"59152355",38016.00
"59152356",44096.00
"59152357",45696.00
"59152358",46976.00
"59152359",40448.00
"59152360",37888.00
"59152361",38784.00
"59152362",44288.00
"59152363",47360.00
"59152364",42368.00
"59152365",41152.00
"59152366",38016.00
"59152367",36992.00
"59152368",38187.00
"59152369",38869.00
"59152370",43264.00
"59152371",46752.00
"59152372",40576.00
"59152373",41088.00
"59152374",39467.00
"59152375",41024.00
"59152377",37120.00
"59152380",34112.00
"59152381",38272.00
"59152382",37120.00
"59152383",34176.00
"59152384",27925.00
"59152385",20864.00
"59152386",26645.00
"59152387",26261.00
"59152388",25792.00
"59152389",37888.00
"59152390",36736.00
"59152391",17408.00
"59152392",32320.00
"59152393",29376.00
"59152394",35563.00
"59152395",37362.00
"59152396",31696.00
"59152397",38528.00
"59152398",39040.00
"59152399",36309.00
"59152403",30144.00
"59152406",38321.00
"59152407",42240.00
"59152408",40832.00
"59152409",48512.00
"59152410",47189.00
"59152411",39488.00
"59152414",41344.00
"59152415",44800.00
"59152416",43904.00
"59152417",41344.00
"59152418",45632.00
"59152419",48000.00
"59152420",38080.00
"59152421",45568.00
"59152422",43840.00
"59152423",50048.00
"59152424",43648.00
"59152425",41984.00
"59152426",47488.00
"59152428",33344.00
"59152431",38784.00
"59152432",40064.00
"59152433",
"59152434",39509.00
"59152435",41024.00
"59152436",27488.00
"59152437",24832.00
"59152439",30528.00
"59152440",37440.00
"59152441",31360.00
"59152442",28512.00
"59152443",36032.00
"59152444",33920.00
"59152445",37024.00
"59152446",41344.00
"59152448",39253.00
"59152449",36672.00
"59152450",35307.00
"59152451",37760.00
"59152452",34432.00
"59152453",37760.00
"59152454",39456.00
"59152455",37611.00
"59152456",29867.00
"59152458",19627.00
"59152459",24640.00
"59152460",21968.00
"59152461",32160.00
"59152462",36267.00
"59152463",33920.00
"59152464",34633.00
"59152465",39296.00
"59152466",45312.00
"59152467",37333.00
"59152468",39872.00
"59152469",48448.00
"59152470",32896.00
"59152471",40768.00
"59152472",39104.00
"59152474",34400.00
"59152477",37504.00
"59152478",40576.00
"59152479",34624.00
"59152480",40896.00
"59152481",34560.00
"59152482",
"59152483",43051.00
"59152491",36736.00
"59152492",39296.00
"59152494",46336.00
"59152495",39680.00
"59152496",50816.00
"59152497",37504.00
"59152498",40192.00
"59152499",39040.00
"59152500",31808.00
"59152501",34731.00
"59152502",32448.00
"59152507",30016.00
"59152510",37824.00
"59152511",39552.00
"59152512",34688.00
"59152514",39104.00
"59152515",36224.00
"59152516",26176.00
"59152517",25600.00
"59152518",37760.00
"59152519",26816.00
"59152520",37658.00
"59152523",34176.00
"59152524",37547.00
"59152531",37845.00
"59152537",33067.00
"59152538",43691.00
"59152539",40320.00
"59152540",44331.00
"59152541",34880.00
"59152542",40832.00
"59152543",30208.00
"59152544",42240.00
"59152546",48480.00
"59152547",40960.00
"59152548",36011.00
"59152559",44736.00
"59152560",26560.00
"59152561",27904.00
"59152562",35328.00
"59152563",24352.00
"59152564",38912.00
"59152566",40832.00
"59152567",39168.00
"59152568",32064.00
"59152569",41984.00
"59152570",47232.00
"59152571",38784.00
"59152572",26368.00
"59152573",44128.00
"59152574",
"59152575",37632.00
"59152576",30656.00
"59152577",46059.00
"59152578",41792.00
"59152579",
"59152580",40363.00
"59152581",38963.00
"59152582",43648.00
"59152583",44134.00
"59152584",41856.00
"59152585",39552.00
"59152586",35840.00
"59152587",22944.00
"59152588",35098.00
"59152589",30315.00
"59152590",31488.00
"59152591",34586.00
"59152592",39893.00
"59152593",38592.00
"59152594",27904.00
"59152595",29056.00
"59152596",39552.00
"59152597",44672.00
"59152598",42368.00
"59152599",30464.00
"59152600",30144.00
"59152601",36544.00
"59152602",33280.00
"59152603",39552.00
"59152604",38720.00
"59152605",43435.00
"59152606",35200.00
"59152607",35797.00
"59152608",37248.00
"59152609",39424.00
"59152610",45568.00
"59152611",52864.00
"59152612",30656.00
"59152613",48032.00
"59152614",41024.00
"59152615",38496.00
"59152616",43904.00
"59152617",39296.00
"59152618",41344.00
"59152619",48768.00
"59152620",41344.00
"59152621",48320.00
"59152622",45056.00
"59152623",45536.00
"59152624",33792.00
"59152625",38016.00
"59152626",42240.00
"59152627",43904.00
"59152628",40832.00
"59152629",49323.00
"59152630",37056.00
"59152631",
"59152632",49792.00
"59152633",45952.00
"59152634",42688.00
"59152635",48640.00
"59152636",39808.00
"59152637",39424.00
"59152638",39040.00
"59152640",44373.00
"59152641",24896.00
"59152642",28928.00
"59152643",36096.00
"59152644",42304.00
"59152645",37472.00
"59152646",47854.00
"59152647",34304.00
"59152648",35712.00
"59152649",41600.00
"59152650",37664.00
"59152651",38345.00
"59152652",38912.00
"59152653",31296.00
"59152654",34944.00
"59152655",30464.00
"59152656",31168.00
"59152657",36864.00
"59152658",35072.00
"59152659",32256.00
"59152660",28523.00
"59152661",30528.00
"59152662",36736.00
"59152663",36224.00
"59152664",33920.00
"59152665",36512.00
"59152666",31776.00
"59152667",28896.00
"59152668",32896.00
"59152669",27456.00
"59152670",35712.00
"59152671",37248.00
"59152672",41088.00
"59152673",40576.00
"59152674",48000.00
"59152675",45056.00
"59152676",38016.00
"59152677",40064.00
"59152679",37461.00
"59152681",29824.00
"59152682",33088.00
"59152683",35136.00
"59152684",35968.00
"59152685",34773.00
"59152687",50432.00
"59152689",32832.00
"59152690",26560.00
"59152692",36288.00
"59152695",40021.00
"59152696",37205.00
"59152697",37760.00
"59152698",42624.00
"59152699",44160.00
"59152700",42816.00
"59152701",39893.00
"59152702",43328.00
"59152703",38707.00
"59152704",39168.00
"59152705",42112.00
"59152706",41920.00
"59152710",40533.00
"59152711",39680.00
"59152712",39040.00
"59152713",41830.00
"59152714",41574.00
"59152715",36480.00
"59152716",38656.00
"59152717",29152.00
"59152718",31339.00
"59152719",41830.00
"59152720",43179.00
"59152721",43264.00
"59152722",36608.00
"59152723",42923.00
"59152724",41728.00
"59152725",39040.00
"59152726",40064.00
"59152730",52053.00
"59152731",41984.00
"59152732",47104.00
"59152733",42368.00
"59152734",47872.00
"59152735",41984.00
"59152736",39872.00
"59152737",43136.00
"59152738",41515.00
"59152739",44160.00
"59152740",50731.00
"59152741",50048.00
"59152742",49600.00
"59152743",46720.00
"59152744",42368.00
"59152745",47328.00
"59152746",47168.00
"59152747",46208.00
"59152748",56064.00
"59152749",43456.00
"59152750",38656.00
"59152751",41856.00
"59152752",40371.00
"59152756",39808.00
"59152757",44352.00
"59152758",35584.00
"59152759",41472.00
"59152760",46720.00
"59152761",48512.00
"59152762",51264.00
"59152763",58240.00
"59152764",46720.00
"59152765",38752.00
"59152766",41344.00
"59152767",40704.00
"59152768",54059.00
"59152774",39872.00
"59152775",39253.00
"59152776",33152.00
"59152777",47040.00
"59152778",45739.00
"59152779",41984.00
"59152780",41088.00
"59152781",44672.00
"59152782",43584.00
"59152783",43264.00
"59152784",39808.00
"59152785",43392.00
"59152786",36736.00
"59152787",37291.00
"59152793",36192.00
"59152795",36288.00
"59152796",35648.00
"59152799",29184.00
"59152800",34688.00
"59152801",34688.00
"59152802",42880.00
"59152803",40832.00
"59152804",38784.00
"59152805",31360.00
"59152806",39680.00
"59152809",26784.00
"59152810",23595.00
"59152812",36407.00
"59152813",29248.00
"59152814",36224.00
"59152816",31296.00
"59152817",32096.00
"59152819",36334.00
"59152820",40000.00
"59152821",27840.00
"59152822",26240.00
"59152823",43546.00
"59152832",43648.00
"59152833",32864.00
"59152834",38816.00
"59152835",32947.00
"59152836",37717.00
"59152837",42112.00
"59152838",32469.00
"59152839",36928.00
"59152840",45261.00
"59152841",37888.00
"59152842",32704.00
"59152843",30144.00
"59152844",31616.00
"59152845",42795.00
"59152846",34432.00
"59152848",37504.00
"59152849",31595.00
"59152850",31744.00
"59152851",29856.00
"59152852",24384.00
"59152853",25568.00
"59152854",23040.00
"59152855",21440.00
"59152856",28288.00
"59152857",30016.00
"59152858",29867.00
"59152859",36480.00
"59152860",27744.00
"59152861",53461.00
"59152862",48512.00
"59152863",51200.00
"59152866",46464.00
"59152867",38272.00
"59152868",45269.00
"59152869",47360.00
"59152870",47808.00
"59152871",43392.00
"59152872",39211.00
"59152873",32688.00
"59152874",36224.00
"59152875",31040.00
"59152876",38835.00
"59152877",38848.00
"59152878",38272.00
"59152879",40192.00
"59152880",39936.00
"59152881",31296.00
"59152882",31936.00
"59152883",34048.00
"59152884",32896.00
"59152885",45632.00
"59152886",31232.00
"59152887",21397.00
"59152888",38272.00
"59152889",38741.00
"59152890",25760.00
"59152891",27024.00
"59152892",28736.00
"59152893",34688.00
"59152894",34624.00
"59152895",36224.00
"59152896",32192.00
"59152897",28560.00
"59152898",30544.00
"59152899",29632.00
"59152900",30304.00
"59152901",31424.00
"59152902",35200.00
"59152903",30208.00
"59152904",35200.00
"59152905",27328.00
"59152906",28267.00
"59152907",45696.00
"59152908",32448.00
"59152909",30208.00
"59152910",29504.00
"59152911",18597.00
"59152912",31488.00
"59152913",28448.00
"59152914",39040.00
"59152915",39253.00
"59152916",35115.00
"59152917",35456.00
"59152918",26048.00
"59152919",24107.00
"59152920",28352.00
"59152921",38443.00
"59152922",37184.00
"59152923",41248.00
"59152924",31392.00
"59152925",37973.00
"59152926",24320.00
"59152927",24555.00
"59152928",28176.00
"59152929",41664.00
"59152930",41152.00
"59152931",41280.00
"59152932",39851.00
"59152933",39776.00
"59152934",36992.00
"59152935",31488.00
"59152936",27968.00
"59152941",37888.00
"59152942",39910.00
"59152943",27008.00
"59152944",28416.00
"59152945",29712.00
"59152946",29936.00
"59152947",30592.00
"59152948",38016.00
"59152949",29888.00
"59152950",27776.00
"59152951",30528.00
"59152953",33707.00
"59152954",28565.00
"59152955",40789.00
"59152956",29504.00
"59152957",41600.00
"59152958",43776.00
"59152961",37248.00
"59152962",40448.00
"59152963",42854.00
"59152964",24224.00
"59152965",28864.00
"59152966",30528.00
"59152967",27136.00
"59152968",22336.00
"59152969",28864.00
"59152972",40021.00
"59152973",39040.00
"59152974",39360.00
"59152975",42880.00
"59152976",35584.00
"59152978",41088.00
"59152979",41088.00
"59152980",39936.00
"59152981",44416.00
"59152982",35968.00
"59152983",32704.00
"59152984",30592.00
"59152985",31680.00
"59152986",31968.00
"59152987",33248.00
"59152988",35008.00
"59152989",36992.00
"59152990",34944.00
"59152991",33600.00
"59152992",34261.00
"59152993",22912.00
"59152994",33056.00
"59152995",22256.00
"59152998",39467.00
"59152999",25376.00
"59153000",38912.00
"59153001",25664.00
"59153002",38368.00
"59153003",43584.00
"59153004",
"59153005",35558.00
"59153006",40576.00
"59153007",43904.00
"59153008",38955.00
"59153010",40909.00
"59153011",40917.00
"59153013",47872.00
"59153014",45216.00
"59153016",44160.00
"59153017",44160.00
"59153018",42155.00
"59153019",45760.00
"59153020",45696.00
"59153021",35456.00
"59153022",31701.00
"59153023",32896.00
"59153024",33621.00
"59153025",35627.00
"59153026",
"59153027",44416.00
"59153028",39552.00
"59153030",
"59153032",43648.00
"59153033",32981.00
"59153034",32032.00
"59153035",32416.00
"59153036",28736.00
"59153038",31264.00
"59153039",31765.00
"59153040",42350.00
"59153041",44373.00
"59153042",36864.00
"59153045",39808.00
"59153049",45696.00
"59153051",44416.00
"59153052",46720.00
"59153053",32576.00
"59153054",40021.00
"59153055",38752.00
"59153057",21024.00
"59153058",31040.00
"59153059",31808.00
"59153060",36288.00
"59153061",44621.00
"59153062",37760.00
"59153063",40192.00
"59153064",36480.00
"59153065",35200.00
"59153066",32064.00
"59153067",17067.00
"59153069",33707.00
"59153070",32512.00
"59153071",39040.00
"59153072",25792.00
"59153073",30720.00
"59153074",34048.00
"59153075",25280.00
"59153076",
"59153077",27104.00
"59153078",29120.00
"59153079",24288.00
"59153080",25771.00
"59153081",26261.00
"59153082",29376.00
"59153083",24640.00
"59153084",24608.00
"59153085",25920.00
"59153086",23584.00
"59153087",24064.00
"59153088",26752.00
"59153089",21589.00
"59153090",25216.00
"59153091",25248.00
"59153092",25152.00
"59153093",25387.00
"59153094",23840.00
"59153095",22848.00
"59153096",22037.00
"59153097",25216.00
"59153098",25728.00
"59153099",34944.00
"59153102",31253.00
"59153103",27968.00
"59153104",29120.00
"59153105",28608.00
"59153106",21653.00
"59153107",19968.00
"59153108",18496.00
"59153110",20928.00
"59153111",18176.00
"59153113",23296.00
"59153114",29419.00
"59153121",40512.00
"59153122",21920.00
"59153123",51243.00
"59153124",49664.00
"59153132",58752.00
"59153133",56192.00
"59153134",42720.00
"59153135",37658.00
"59153136",38976.00
"59153137",40192.00
"59153138",45547.00
"59153139",41301.00
"59153140",42304.00
"59153141",64128.00
"59153142",56704.00
"59153144",59520.00
"59153145",59520.00
"59153146",58001.00
"59153151",42667.00
"59153152",43264.00
"59153153",46112.00
"59153154",38016.00
"59153155",38528.00
"59153156",54144.00
"59153157",43136.00
"59153158",48256.00
"59153159",43221.00
"59153160",39117.00
"59153161",43488.00
"59153162",39104.00
"59153163",32512.00
"59153164",52512.00
"59153165",35584.00
"59153166",50560.00
"59153167",45248.00
"59153168",36832.00
"59153171",42304.00
"59153172",43418.00
"59153181",11504.00
"59153182",12032.00
"59153183",13776.00
"59153184",17463.00
"59153185",22944.00
"59153186",37760.00
"59153187",14899.00
"59153188",
"59153189",30976.00
"59153190",31616.00
"59153191",40320.00
"59153192",20501.00
"59153193",29760.00
"59153194",30144.00
"59153195",29504.00
"59153196",28352.00
"59153197",17504.00
"59153198",32064.00
"59153199",28992.00
"59153200",37120.00
"59153201",27456.00
"59153202",32128.00
"59153203",31104.00
"59153204",24811.00
"59153205",31008.00
"59153206",34304.00
"59153207",41856.00
"59153208",28928.00
"59153209",32672.00
"59153210",35968.00
"59153211",30656.00
"59153212",32448.00
"59153213",31040.00
"59153214",36267.00
"59153215",29088.00
"59153216",31040.00
"59153217",29248.00
"59153218",27200.00
"59153219",30285.00
"59153220",26325.00
"59153221",26837.00
"59153222",25536.00
"59153223",36122.00
"59153224",28352.00
"59153225",28416.00
"59153226",29120.00
"59153227",25301.00
"59153228",27477.00
"59153229",23936.00
"59153230",24128.00
"59153231",42752.00
"59153232",35712.00
"59153234",29760.00
"59153235",43840.00
"59153236",23211.00
"59153237",39488.00
"59153238",43648.00
"59153239",32448.00
"59153240",17133.00
"59153241",41899.00
"59153246",42624.00
"59153249",36864.00
"59153250",29760.00
"59153251",33365.00
"59153252",44096.00
"59153253",59648.00
"59153254",38144.00
"59153255",34304.00
"59153256",45653.00
"59153257",50560.00
"59153258",41856.00
"59153259",39232.00
"59153261",28096.00
"59153262",25434.00
"59153263",
"59153264",23424.00
"59153265",24832.00
"59153266",23616.00
"59153267",30528.00
"59153268",23296.00
"59153269",30144.00
"59153270",28576.00
"59153271",25920.00
"59153272",25664.00
"59153273",19264.00
"59153274",26816.00
"59153275",26432.00
"59153276",21312.00
"59153277",28672.00
"59153278",25024.00
"59153279",27712.00
"59153280",25792.00
"59153281",21888.00
"59153282",21280.00
"59153283",23424.00
"59153284",21792.00
"59153285",24704.00
"59153286",25696.00
"59153287",23776.00
"59153288",21952.00
"59153289",22720.00
"59153290",24149.00
"59153291",20096.00
"59153292",18304.00
"59153293",27200.00
"59153294",23488.00
"59153295",27520.00
"59153296",24192.00
"59153297",23168.00
"59153298",24160.00
"59153299",24576.00
"59153300",22208.00
"59153301",23125.00
"59153302",22464.00
"59153303",26048.00
"59153304",24640.00
"59153305",21312.00
"59153306",24896.00
"59153307",26517.00
"59153308",21845.00
"59153309",36800.00
"59153310",38016.00
"59153311",32768.00
"59153312",37280.00
"59153313",26144.00
"59153314",33792.00
"59153315",44096.00
"59153316",32576.00
"59153317",29120.00
"59153318",33365.00
"59153319",26496.00
"59153320",18432.00
"59153321",17952.00
"59153322",26784.00
"59153323",35123.00
"59153324",38464.00
"59153325",35008.00
"59153326",39723.00
"59153327",32896.00
"59153328",36224.00
"59153329",51264.00
"59153330",34176.00
"59153331",43520.00
"59153332",40832.00
"59153333",44160.00
"59153334",46656.00
"59153342",30368.00
"59153343",
"59153344",26880.00
"59153345",24192.00
"59153347",35755.00
"59153350",25902.00
"59153351",31840.00
"59153352",17712.00
"59153353",28208.00
"59153354",30699.00
"59153355",27152.00
"59153358",47040.00
"59153359",48128.00
"59153361",20352.00
"59153362",20304.00
"59153363",44754.00
"59153367",23205.00
"59153369",34848.00
"59153370",36245.00
"59153371",32896.00
"59153372",40416.00
"59153373",32794.00
"59153375",27136.00
"59153376",28160.00
"59153378",30336.00
"59153380",23872.00
"59153381",23240.00
"59153382",39723.00
"59153383",20384.00
"59153385",35776.00
"59153386",24208.00
"59153388",22144.00
"59153389",21301.00
"59153390",27632.00
"59153391",22752.00
"59153394",43955.00
"59153397",31104.00
"59153398",21376.00
"59153400",35072.00
"59153401",48853.00
"59153402",23936.00
"59153403",36448.00
"59153406",38976.00
"59153407",37632.00
"59153408",17060.00
"59153409",16448.00
"59153410",16678.00
"59153411",19584.00
"59153412",22304.00
"59153413",42912.00
"59153414",
"59153415",43712.00
"59153416",43008.00
"59153417",18656.00
"59153418",24544.00
"59153419",27088.00
"59153420",26048.00
"59153421",21888.00
"59153422",26176.00
"59153423",28864.00
"59153424",26656.00
"59153425",19755.00
"59153426",22848.00
"59153427",28800.00
"59153428",29120.00
"59153429",24944.00
"59153430",25237.00
"59153431",25152.00
"59153432",23104.00
"59153433",41173.00
"59153435",40149.00
"59153436",36960.00
"59153437",37760.00
"59153438",44160.00
"59153439",49984.00
"59153440",40512.00
"59153441",38059.00
"59153443",39296.00
"59153444",21419.00
"59153445",19264.00
"59153446",40448.00
"59153447",47488.00
"59153450",32320.00
"59153451",25536.00
"59153452",48000.00
"59153453",49536.00
"59153454",25536.00
"59153455",26517.00
"59153456",32320.00
"59153457",43328.00
"59153459",34176.00
"59153460",29440.00
"59153461",55066.00
"59153462",
"59153463",
"59153464",46464.00
"59153466",28821.00
"59153467",41088.00
"59153469",33056.00
"59153470",52800.00
"59153471",56235.00
"59153472",62080.00
"59153473",48640.00
"59153474",43307.00
"59153476",34624.00
"59153477",41856.00
"59153479",41387.00
"59153480",36949.00
"59153481",42112.00
"59153482",35904.00
"59153483",37760.00
"59153484",24128.00
"59153485",20432.00
"59153486",23232.00
"59153487",
"59153489",
"59153490",44608.00
"59153491",44896.00
"59153492",57216.00
"59153493",15936.00
"59153494",16405.00
"59153495",18965.00
"59153496",18176.00
"59153497",24672.00
"59153498",26496.00
"59153499",28395.00
"59153500",34176.00
"59153501",31328.00
"59153502",30416.00
"59153503",23460.00
"59153504",32085.00
"59153506",40384.00
"59153507",48448.00
"59153508",30112.00
"59153510",45680.00
"59153511",39723.00
"59153512",40149.00
"59153513",36992.00
"59153514",42176.00
"59153515",40064.00
"59153516",43392.00
"59153517",44544.00
"59153518",43955.00
"59153519",40064.00
"59153520",25568.00
"59153521",31680.00
"59153523",31040.00
"59153524",39424.00
"59153528",18523.00
"59153529",17387.00
"59153530",17124.00
"59153531",22720.00
"59153532",26496.00
"59153533",54400.00
"59153534",48320.00
"59153535",27904.00
"59153537",41062.00
"59153538",33760.00
"59153539",33365.00
"59153540",36941.00
"59153541",37184.00
"59153542",33536.00
"59153543",41856.00
"59153545",32384.00
"59153546",28267.00
"59153547",41749.00
"59153548",33664.00
"59153549",
"59153551",27488.00
"59153552",31957.00
"59153553",30400.00
"59153554",38955.00
"59153555",19584.00
"59153556",21781.00
"59153557",31168.00
"59153558",25376.00
"59153560",37376.00
"59153561",45376.00
"59153562",47872.00
"59153563",23910.00
"59153565",47680.00
"59153566",36992.00
"59153567",46720.00
"59153568",47232.00
"59153569",
"59153570",47232.00
"59153571",39104.00
"59153572",40090.00
"59153573",44160.00
"59153574",
"59153575",35776.00
"59153576",31808.00
"59153577",
"59153578",55168.00
"59153579",22400.00
"59153580",30064.00
"59153581",18267.00
"59153582",19264.00
"59153583",28224.00
"59153584",26688.00
"59153585",14963.00
"59153586",41131.00
"59153587",38592.00
"59153588",39936.00
"59153589",37504.00
"59153590",37920.00
"59153591",40320.00
"59153592",44544.00
"59153593",53440.00
"59153594",
"59153595",46400.00
"59153596",48960.00
"59153597",32448.00
"59153598",40235.00
"59153599",48146.00
"59153600",45952.00
"59153601",44203.00
"59153602",45491.00
"59153603",46432.00
"59153604",
"59153606",41152.00
"59153607",34112.00
"59153608",40384.00
"59153609",46720.00
"59153610",41792.00
"59153611",43584.00
"59153612",44160.00
"59153613",44493.00
"59153614",41600.00
"59153615",43072.00
"59153616",33451.00
"59153617",30112.00
"59153618",39808.00
"59153619",25152.00
"59153620",24256.00
"59153621",25152.00
"59153622",25312.00
"59153623",27008.00
"59153624",25280.00
"59153625",24800.00
"59153626",22848.00
"59153627",29312.00
"59153628",25888.00
"59153629",30144.00
"59153630",28544.00
"59153631",26901.00
"59153632",29440.00
"59153633",30784.00
"59153634",36672.00
"59153635",27840.00
"59153636",28672.00
"59153637",26976.00
"59153638",24832.00
"59153639",29248.00
"59153640",21408.00
"59153641",20800.00
"59153642",25408.00
"59153643",27392.00
"59153644",32416.00
"59153645",29120.00
"59153646",18384.00
"59153647",21760.00
"59153648",27533.00
"59153649",32992.00
"59153650",40256.00
"59153651",27264.00
"59153652",33856.00
"59153653",33440.00
"59153654",31200.00
"59153655",43814.00
"59153656",30848.00
"59153657",48179.00
"59153658",28373.00
"59153659",30571.00
"59153660",43648.00
"59153661",41813.00
"59153662",31296.00
"59153663",40747.00
"59153664",36267.00
"59153665",38554.00
"59153666",36096.00
"59153667",45184.00
"59153668",29760.00
"59153669",27648.00
"59153670",36480.00
"59153671",35883.00
"59153672",32725.00
"59153673",40064.00
"59153674",36544.00
"59153675",32811.00
"59153676",42965.00
"59153677",32704.00
"59153678",27584.00
"59153679",26944.00
"59153680",22107.00
"59153681",40448.00
"59153682",31872.00
"59153683",38208.00
"59153684",38784.00
"59153685",58069.00
"59153686",45867.00
"59153687",60032.00
"59153688",43456.00
"59153689",45653.00
"59153690",53504.00
"59153691",28400.00
"59153692",48096.00
"59153693",25536.00
"59153694",39680.00
"59153695",17168.00
"59153696",34176.00
"59153697",37413.00
"59153698",37120.00
"59153699",50816.00
"59153700",33024.00
"59153701",24000.00
"59153702",24363.00
"59153703",23440.00
"59153704",22208.00
"59153705",19157.00
"59153706",22528.00
"59153707",22528.00
"59153708",21099.00
"59153709",20864.00
"59153710",28736.00
"59153711",24192.00
"59153712",30496.00
"59153713",29440.00
"59153714",23168.00
"59153715",28256.00
"59153716",32480.00
"59153717",31968.00
"59153718",26688.00
"59153719",24512.00
"59153720",21728.00
"59153721",32720.00
"59153722",34944.00
"59153723",27648.00
"59153724",35413.00
"59153725",31552.00
"59153726",37362.00
"59153728",44192.00
"59153729",43034.00
"59153730",42496.00
"59153731",
"59153732",
"59153733",30816.00
"59153734",32000.00
"59153735",23829.00
"59153736",24752.00
"59153737",22912.00
"59153738",23168.00
"59153739",22251.00
"59153740",47232.00
"59153741",42021.00
"59153742",31616.00
"59153743",42624.00
"59153744",45280.00
"59153745",38592.00
"59153746",43840.00
"59153747",34624.00
"59153748",34176.00
"59153749",35072.00
"59153750",
"59153751",39040.00
"59153752",
"59153754",
"59153756",41728.00
"59153757",40064.00
"59153758",42880.00
"59153762",36480.00
"59153763",42112.00
"59153764",38298.00
"59153765",31424.00
"59153766",36544.00
"59153767",37248.00
"59153768",42027.00
"59153769",32320.00
"59153770",37632.00
"59153771",29248.00
"59153772",35456.00
"59153773",34432.00
"59153774",31680.00
"59153775",35968.00
"59153776",36992.00
"59153777",44245.00
"59153778",47659.00
"59153779",36582.00
"59153780",40000.00
"59153781",35328.00
"59153782",33920.00
"59153783",34208.00
"59153784",34304.00
"59153785",32608.00
"59153786",36890.00
"59153788",34688.00
"59153789",37888.00
"59153790",38976.00
"59153791",
"59153792",27328.00
"59153794",37461.00
"59153795",47027.00
"59153796",45184.00
"59153797",43776.00
"59153798",51157.00
"59153799",33536.00
"59153800",29760.00
"59153801",26816.00
"59153805",24512.00
"59153806",28480.00
"59153807",27680.00
"59153809",24640.00
"59153810",30101.00
"59153812",33024.00
"59153814",24640.00
"59153815",24269.00
"59153816",32128.00
"59153818",29056.00
"59153821",28288.00
"59153825",24960.00
"59153826",29120.00
"59153831",21952.00
"59153832",30354.00
"59153833",63040.00
"59153834",52224.00
"59153835",35328.00
"59153836",
"59153838",33792.00
"59153839",21952.00
"59153843",52326.00
"59153845",42807.00
"59153846",46848.00
"59153847",31456.00
"59153849",32491.00
"59153851",37376.00
"59153852",39296.00
"59153854",35072.00
"59153856",30656.00
"59153857",40614.00
"59153858",36672.00
"59153859",31872.00
"59153860",40064.00
"59153861",43418.00
"59153862",29632.00
"59153864",46976.00
"59153865",46218.00
"59153866",40405.00
"59153867",42880.00
"59153868",41152.00
"59153869",41728.00
"59153870",38784.00
"59153871",34816.00
"59153872",36416.00
"59153873",37888.00
"59153874",42432.00
"59153875",39712.00
"59153876",32640.00
"59153877",35840.00
"59153878",29568.00
"59153879",30272.00
"59153881",26560.00
"59153882",41728.00
"59153883",30400.00
"59153885",36267.00
"59153886",40299.00
"59153887",31979.00
"59153888",31392.00
"59153889",29760.00
"59153890",22080.00
"59153891",23968.00
"59153892",18130.00
"59153893",24973.00
"59153894",30784.00
"59153895",38528.00
"59153896",26539.00
"59153897",23584.00
"59153898",25664.00
"59153899",26581.00
"59153900",40483.00
"59153901",44971.00
"59153902",46464.00
"59153903",50816.00
"59153904",41677.00
"59153905",26688.00
"59153906",26752.00
"59153907",32448.00
"59153908",43392.00
"59153909",34048.00
"59153910",29664.00
"59153911",25376.00
"59153912",23872.00
"59153913",23616.00
"59153914",33312.00
"59153915",26816.00
"59153916",38810.00
"59153917",36672.00
"59153918",26368.00
"59153919",26752.00
"59153920",23104.00
"59153921",26320.00
"59153922",25408.00
"59153923",34176.00
"59153924",30080.00
"59153925",36736.00
"59153926",37291.00
"59153927",38272.00
"59153928",45696.00
"59153929",47040.00
"59153930",47147.00
"59153931",43712.00
"59153932",49344.00
"59153935",51648.00
"59153936",23872.00
"59153937",32000.00
"59153939",41792.00
"59153940",37184.00
"59153941",46464.00
"59153942",52736.00
"59153943",44640.00
"59153944",30544.00
"59153945",25088.00
"59153946",22827.00
"59153948",19211.00
"59153949",25392.00
"59153950",21696.00
"59153952",44373.00
"59153953",39392.00
"59153955",35328.00
"59153956",34330.00
"59153957",
"59153958",26192.00
"59153960",48533.00
"59153961",46336.00
"59153962",41088.00
"59153963",36480.00
"59153965",30944.00
"59153966",35200.00
"59153967",41664.00
"59153968",23573.00
"59153969",24128.00
"59153970",49664.00
"59153971",44416.00
"59153972",37461.00
"59153973",39008.00
"59153974",38848.00
"59153975",45355.00
"59153976",40128.00
"59153977",44544.00
"59153978",42624.00
"59153979",41280.00
"59153980",33536.00
"59153981",21488.00
"59153982",40806.00
"59153983",42325.00
"59153984",41568.00
"59153985",54229.00
"59153986",42010.00
"59153987",45056.00
"59153988",52736.00
"59153989",55168.00
"59153990",52821.00
"59153991",48832.00
"59153992",29803.00
"59153993",37248.00
"59153994",44800.00
"59153995",
"59153996",44544.00
"59153997",38656.00
"59153998",47829.00
"59153999",45824.00
"59154000",48811.00
"59154001",42581.00
"59154002",52064.00
"59154004",42514.00
"59154005",46208.00
"59154006",40038.00
"59154007",48256.00
"59154008",32704.00
"59154009",61248.00
"59154010",45952.00
"59154011",52128.00
"59154012",47232.00
"59154013",30592.00
"59154014",22541.00
"59154015",17536.00
"59154016",26368.00
"59154017",45440.00
"59154018",26432.00
"59154019",29013.00
"59154020",40811.00
"59154021",40858.00
"59154022",42496.00
"59154023",35200.00
"59154024",39456.00
"59154025",32192.00
"59154026",
"59154027",45952.00
"59154029",37376.00
"59154030",36181.00
"59154031",40768.00
"59154032",40021.00
"59154033",13429.00
"59154034",18528.00
"59154035",21168.00
"59154036",23456.00
"59154038",38592.00
"59154039",41216.00
"59154041",43456.00
"59154042",33493.00
"59154044",35424.00
"59154045",43776.00
"59154046",36480.00
"59154048",32192.00
"59154049",36480.00
"59154050",37760.00
"59154052",39625.00
"59154053",20800.00
"59154054",19904.00
"59154055",24032.00
"59154056",
